FID,Key,SurveyID,Country,Ecoregion,Realm,SiteCode,Site,SiteLat,SiteLong,SurveyDate,Depth,Phylum,Class,Family,Taxon,Block,Total,Diver,geom
M2_INVERT_DATA.4720,4720,912341867,Argentina,North Patagonian Gulfs,Temperate South America,ARG12,La Islita,-41.95,-65.06,2012-04-16T14:00:00Z,4,Echinodermata,Asteroidea,Ganeriidae,Cycethra verrucosa,1,1,GJE,POINT (-65.06 -41.95)
M2_INVERT_DATA.4721,4721,912341867,Argentina,North Patagonian Gulfs,Temperate South America,ARG12,La Islita,-41.95,-65.06,2012-04-16T14:00:00Z,4,Echinodermata,Asteroidea,Odontasteridae,Odontaster penicillatus,2,1,GJE,POINT (-65.06 -41.95)
M2_INVERT_DATA.4722,4722,912341867,Argentina,North Patagonian Gulfs,Temperate South America,ARG12,La Islita,-41.95,-65.06,2012-04-16T14:00:00Z,4,Mollusca,Gastropoda,Turbinidae,Tegula patagonica,1,430,GJE,POINT (-65.06 -41.95)
M2_INVERT_DATA.4723,4723,912341867,Argentina,North Patagonian Gulfs,Temperate South America,ARG12,La Islita,-41.95,-65.06,2012-04-16T14:00:00Z,4,Mollusca,Gastropoda,Turbinidae,Tegula patagonica,2,209,GJE,POINT (-65.06 -41.95)
M2_INVERT_DATA.4724,4724,912341868,Argentina,North Patagonian Gulfs,Temperate South America,ARG12,La Islita,-41.95,-65.06,2012-04-16T14:00:00Z,3.5,Echinodermata,Asteroidea,Stichasteridae,Allostichaster capensis,1,5,SCE,POINT (-65.06 -41.95)
M2_INVERT_DATA.4725,4725,912341868,Argentina,North Patagonian Gulfs,Temperate South America,ARG12,La Islita,-41.95,-65.06,2012-04-16T14:00:00Z,3.5,Echinodermata,Asteroidea,Stichasteridae,Allostichaster capensis,2,5,SCE,POINT (-65.06 -41.95)
M2_INVERT_DATA.4726,4726,912341868,Argentina,North Patagonian Gulfs,Temperate South America,ARG12,La Islita,-41.95,-65.06,2012-04-16T14:00:00Z,3.5,Echinodermata,Asteroidea,Asteriidae,Anasterias antarctica,2,3,SCE,POINT (-65.06 -41.95)
M2_INVERT_DATA.4727,4727,912341868,Argentina,North Patagonian Gulfs,Temperate South America,ARG12,La Islita,-41.95,-65.06,2012-04-16T14:00:00Z,3.5,Echinodermata,Echinoidea,Arbaciidae,Arbacia dufresnii,1,36,SCE,POINT (-65.06 -41.95)
M2_INVERT_DATA.4728,4728,912341868,Argentina,North Patagonian Gulfs,Temperate South America,ARG12,La Islita,-41.95,-65.06,2012-04-16T14:00:00Z,3.5,Echinodermata,Echinoidea,Arbaciidae,Arbacia dufresnii,2,29,SCE,POINT (-65.06 -41.95)
M2_INVERT_DATA.4729,4729,912341868,Argentina,North Patagonian Gulfs,Temperate South America,ARG12,La Islita,-41.95,-65.06,2012-04-16T14:00:00Z,3.5,Echinodermata,Asteroidea,Astropectinidae,Astropecten spp.,1,1,SCE,POINT (-65.06 -41.95)
M2_INVERT_DATA.4730,4730,912341868,Argentina,North Patagonian Gulfs,Temperate South America,ARG12,La Islita,-41.95,-65.06,2012-04-16T14:00:00Z,3.5,Echinodermata,Asteroidea,Astropectinidae,Astropecten spp.,2,1,SCE,POINT (-65.06 -41.95)
M2_INVERT_DATA.4731,4731,912341868,Argentina,North Patagonian Gulfs,Temperate South America,ARG12,La Islita,-41.95,-65.06,2012-04-16T14:00:00Z,3.5,Mollusca,Gastropoda,Turbinidae,Tegula patagonica,1,650,SCE,POINT (-65.06 -41.95)
M2_INVERT_DATA.4732,4732,912341868,Argentina,North Patagonian Gulfs,Temperate South America,ARG12,La Islita,-41.95,-65.06,2012-04-16T14:00:00Z,3.5,Mollusca,Gastropoda,Turbinidae,Tegula patagonica,2,520,SCE,POINT (-65.06 -41.95)
M2_INVERT_DATA.4733,4733,912341869,Argentina,North Patagonian Gulfs,Temperate South America,ARG13,Alejos Crack,-41.94,-65.06,2012-04-16T14:00:00Z,3.5,Echinodermata,Asteroidea,Stichasteridae,Allostichaster capensis,1,2,AI,POINT (-65.06 -41.94)
M2_INVERT_DATA.4734,4734,912341869,Argentina,North Patagonian Gulfs,Temperate South America,ARG13,Alejos Crack,-41.94,-65.06,2012-04-16T14:00:00Z,3.5,Echinodermata,Asteroidea,Stichasteridae,Allostichaster capensis,2,10,AI,POINT (-65.06 -41.94)
M2_INVERT_DATA.4735,4735,912341869,Argentina,North Patagonian Gulfs,Temperate South America,ARG13,Alejos Crack,-41.94,-65.06,2012-04-16T14:00:00Z,3.5,Echinodermata,Echinoidea,Arbaciidae,Arbacia dufresnii,1,71,AI,POINT (-65.06 -41.94)
M2_INVERT_DATA.4736,4736,912341869,Argentina,North Patagonian Gulfs,Temperate South America,ARG13,Alejos Crack,-41.94,-65.06,2012-04-16T14:00:00Z,3.5,Echinodermata,Echinoidea,Arbaciidae,Arbacia dufresnii,2,85,AI,POINT (-65.06 -41.94)
M2_INVERT_DATA.4737,4737,912341869,Argentina,North Patagonian Gulfs,Temperate South America,ARG13,Alejos Crack,-41.94,-65.06,2012-04-16T14:00:00Z,3.5,Mollusca,Gastropoda,Trochidae,Calliostoma spp.,1,2,AI,POINT (-65.06 -41.94)
M2_INVERT_DATA.4738,4738,912341869,Argentina,North Patagonian Gulfs,Temperate South America,ARG13,Alejos Crack,-41.94,-65.06,2012-04-16T14:00:00Z,3.5,Echinodermata,Asteroidea,Ganeriidae,Cycethra verrucosa,2,1,AI,POINT (-65.06 -41.94)
M2_INVERT_DATA.4739,4739,912341869,Argentina,North Patagonian Gulfs,Temperate South America,ARG13,Alejos Crack,-41.94,-65.06,2012-04-16T14:00:00Z,3.5,Mollusca,Gastropoda,,Nudibranchia spp.,2,1,AI,POINT (-65.06 -41.94)
M2_INVERT_DATA.4740,4740,912341869,Argentina,North Patagonian Gulfs,Temperate South America,ARG13,Alejos Crack,-41.94,-65.06,2012-04-16T14:00:00Z,3.5,Echinodermata,Asteroidea,Odontasteridae,Odontaster penicillatus,1,1,AI,POINT (-65.06 -41.94)
M2_INVERT_DATA.4741,4741,912341869,Argentina,North Patagonian Gulfs,Temperate South America,ARG13,Alejos Crack,-41.94,-65.06,2012-04-16T14:00:00Z,3.5,Mollusca,Gastropoda,Volutidae,Odontocymbiola magellanica,2,1,AI,POINT (-65.06 -41.94)
M2_INVERT_DATA.4742,4742,912341869,Argentina,North Patagonian Gulfs,Temperate South America,ARG13,Alejos Crack,-41.94,-65.06,2012-04-16T14:00:00Z,3.5,Mollusca,Gastropoda,Turbinidae,Tegula patagonica,1,1100,AI,POINT (-65.06 -41.94)
M2_INVERT_DATA.4743,4743,912341869,Argentina,North Patagonian Gulfs,Temperate South America,ARG13,Alejos Crack,-41.94,-65.06,2012-04-16T14:00:00Z,3.5,Mollusca,Gastropoda,Turbinidae,Tegula patagonica,2,1100,AI,POINT (-65.06 -41.94)
M2_INVERT_DATA.4744,4744,912341870,Argentina,North Patagonian Gulfs,Temperate South America,ARG13,Alejos Crack,-41.94,-65.06,2012-04-15T14:00:00Z,4,Echinodermata,Asteroidea,Stichasteridae,Allostichaster capensis,1,8,GJE,POINT (-65.06 -41.94)
M2_INVERT_DATA.4745,4745,912341870,Argentina,North Patagonian Gulfs,Temperate South America,ARG13,Alejos Crack,-41.94,-65.06,2012-04-15T14:00:00Z,4,Echinodermata,Asteroidea,Stichasteridae,Allostichaster capensis,2,1,GJE,POINT (-65.06 -41.94)
M2_INVERT_DATA.4746,4746,912341870,Argentina,North Patagonian Gulfs,Temperate South America,ARG13,Alejos Crack,-41.94,-65.06,2012-04-15T14:00:00Z,4,Echinodermata,Echinoidea,Arbaciidae,Arbacia dufresnii,1,24,GJE,POINT (-65.06 -41.94)
M2_INVERT_DATA.4747,4747,912341870,Argentina,North Patagonian Gulfs,Temperate South America,ARG13,Alejos Crack,-41.94,-65.06,2012-04-15T14:00:00Z,4,Echinodermata,Echinoidea,Arbaciidae,Arbacia dufresnii,2,21,GJE,POINT (-65.06 -41.94)
M2_INVERT_DATA.4748,4748,912341870,Argentina,North Patagonian Gulfs,Temperate South America,ARG13,Alejos Crack,-41.94,-65.06,2012-04-15T14:00:00Z,4,Echinodermata,Asteroidea,Astropectinidae,Astropecten spp.,1,1,GJE,POINT (-65.06 -41.94)
M2_INVERT_DATA.4749,4749,912341870,Argentina,North Patagonian Gulfs,Temperate South America,ARG13,Alejos Crack,-41.94,-65.06,2012-04-15T14:00:00Z,4,Echinodermata,Asteroidea,Astropectinidae,Astropecten spp.,2,1,GJE,POINT (-65.06 -41.94)
M2_INVERT_DATA.4750,4750,912341870,Argentina,North Patagonian Gulfs,Temperate South America,ARG13,Alejos Crack,-41.94,-65.06,2012-04-15T14:00:00Z,4,Echinodermata,Asteroidea,Ganeriidae,Cycethra verrucosa,2,1,GJE,POINT (-65.06 -41.94)
M2_INVERT_DATA.4751,4751,912341870,Argentina,North Patagonian Gulfs,Temperate South America,ARG13,Alejos Crack,-41.94,-65.06,2012-04-15T14:00:00Z,4,Mollusca,Gastropoda,Volutidae,Odontocymbiola magellanica,2,1,GJE,POINT (-65.06 -41.94)
M2_INVERT_DATA.4752,4752,912341870,Argentina,North Patagonian Gulfs,Temperate South America,ARG13,Alejos Crack,-41.94,-65.06,2012-04-15T14:00:00Z,4,Mollusca,Gastropoda,Turbinidae,Tegula patagonica,1,850,GJE,POINT (-65.06 -41.94)
M2_INVERT_DATA.4753,4753,912341870,Argentina,North Patagonian Gulfs,Temperate South America,ARG13,Alejos Crack,-41.94,-65.06,2012-04-15T14:00:00Z,4,Mollusca,Gastropoda,Turbinidae,Tegula patagonica,2,620,GJE,POINT (-65.06 -41.94)
M2_INVERT_DATA.4754,4754,912341871,Argentina,North Patagonian Gulfs,Temperate South America,ARG2,Pafer,-42.63,-64.26,2012-04-10T14:00:00Z,15.5,Echinodermata,Asteroidea,Stichasteridae,Allostichaster capensis,1,2,SCE,POINT (-64.26 -42.63)
M2_INVERT_DATA.4755,4755,912341871,Argentina,North Patagonian Gulfs,Temperate South America,ARG2,Pafer,-42.63,-64.26,2012-04-10T14:00:00Z,15.5,Echinodermata,Asteroidea,Stichasteridae,Allostichaster capensis,2,2,SCE,POINT (-64.26 -42.63)
M2_INVERT_DATA.4756,4756,912341871,Argentina,North Patagonian Gulfs,Temperate South America,ARG2,Pafer,-42.63,-64.26,2012-04-10T14:00:00Z,15.5,Echinodermata,Echinoidea,Arbaciidae,Arbacia dufresnii,1,134,SCE,POINT (-64.26 -42.63)
M2_INVERT_DATA.4757,4757,912341871,Argentina,North Patagonian Gulfs,Temperate South America,ARG2,Pafer,-42.63,-64.26,2012-04-10T14:00:00Z,15.5,Echinodermata,Echinoidea,Arbaciidae,Arbacia dufresnii,2,134,SCE,POINT (-64.26 -42.63)
M2_INVERT_DATA.4758,4758,912341871,Argentina,North Patagonian Gulfs,Temperate South America,ARG2,Pafer,-42.63,-64.26,2012-04-10T14:00:00Z,15.5,Echinodermata,Asteroidea,Stichasteridae,Cosmasterias lurida,1,1,SCE,POINT (-64.26 -42.63)
M2_INVERT_DATA.4759,4759,912341871,Argentina,North Patagonian Gulfs,Temperate South America,ARG2,Pafer,-42.63,-64.26,2012-04-10T14:00:00Z,15.5,Echinodermata,Asteroidea,Stichasteridae,Cosmasterias lurida,2,1,SCE,POINT (-64.26 -42.63)
M2_INVERT_DATA.4760,4760,912341871,Argentina,North Patagonian Gulfs,Temperate South America,ARG2,Pafer,-42.63,-64.26,2012-04-10T14:00:00Z,15.5,Echinodermata,Asteroidea,Ganeriidae,Cycethra verrucosa,1,1,SCE,POINT (-64.26 -42.63)
M2_INVERT_DATA.4761,4761,912341871,Argentina,North Patagonian Gulfs,Temperate South America,ARG2,Pafer,-42.63,-64.26,2012-04-10T14:00:00Z,15.5,Echinodermata,Asteroidea,Ganeriidae,Cycethra verrucosa,2,1,SCE,POINT (-64.26 -42.63)
M2_INVERT_DATA.4762,4762,912341871,Argentina,North Patagonian Gulfs,Temperate South America,ARG2,Pafer,-42.63,-64.26,2012-04-10T14:00:00Z,15.5,Mollusca,Gastropoda,Fissurellidae,Fissurellidea patagonica,1,1,SCE,POINT (-64.26 -42.63)
M2_INVERT_DATA.4763,4763,912341871,Argentina,North Patagonian Gulfs,Temperate South America,ARG2,Pafer,-42.63,-64.26,2012-04-10T14:00:00Z,15.5,Mollusca,Gastropoda,Fissurellidae,Fissurellidea patagonica,2,1,SCE,POINT (-64.26 -42.63)
M2_INVERT_DATA.4764,4764,912341871,Argentina,North Patagonian Gulfs,Temperate South America,ARG2,Pafer,-42.63,-64.26,2012-04-10T14:00:00Z,15.5,Mollusca,Gastropoda,Discodorididae,Gargamella immaculata,2,1,SCE,POINT (-64.26 -42.63)
M2_INVERT_DATA.4765,4765,912341871,Argentina,North Patagonian Gulfs,Temperate South America,ARG2,Pafer,-42.63,-64.26,2012-04-10T14:00:00Z,15.5,Echinodermata,Asteroidea,Odontasteridae,Odontaster penicillatus,1,1,SCE,POINT (-64.26 -42.63)
M2_INVERT_DATA.4766,4766,912341871,Argentina,North Patagonian Gulfs,Temperate South America,ARG2,Pafer,-42.63,-64.26,2012-04-10T14:00:00Z,15.5,Echinodermata,Asteroidea,Odontasteridae,Odontaster penicillatus,2,1,SCE,POINT (-64.26 -42.63)
M2_INVERT_DATA.4767,4767,912341871,Argentina,North Patagonian Gulfs,Temperate South America,ARG2,Pafer,-42.63,-64.26,2012-04-10T14:00:00Z,15.5,Mollusca,Gastropoda,Turbinidae,Tegula patagonica,1,1000,SCE,POINT (-64.26 -42.63)
M2_INVERT_DATA.4768,4768,912341871,Argentina,North Patagonian Gulfs,Temperate South America,ARG2,Pafer,-42.63,-64.26,2012-04-10T14:00:00Z,15.5,Mollusca,Gastropoda,Turbinidae,Tegula patagonica,2,790,SCE,POINT (-64.26 -42.63)
M2_INVERT_DATA.4769,4769,912341871,Argentina,North Patagonian Gulfs,Temperate South America,ARG2,Pafer,-42.63,-64.26,2012-04-10T14:00:00Z,15.5,Mollusca,Gastropoda,Polyceridae,Thecacera sp. [yellow striped],1,1,SCE,POINT (-64.26 -42.63)
M2_INVERT_DATA.4770,4770,912341872,Argentina,North Patagonian Gulfs,Temperate South America,ARG3,PNU,-42.62,-64.28,2012-04-10T14:00:00Z,11.5,Echinodermata,Asteroidea,Stichasteridae,Allostichaster capensis,1,7,GJE,POINT (-64.28 -42.62)
M2_INVERT_DATA.4771,4771,912341872,Argentina,North Patagonian Gulfs,Temperate South America,ARG3,PNU,-42.62,-64.28,2012-04-10T14:00:00Z,11.5,Echinodermata,Asteroidea,Stichasteridae,Allostichaster capensis,2,13,GJE,POINT (-64.28 -42.62)
M2_INVERT_DATA.4772,4772,912341872,Argentina,North Patagonian Gulfs,Temperate South America,ARG3,PNU,-42.62,-64.28,2012-04-10T14:00:00Z,11.5,Echinodermata,Echinoidea,Arbaciidae,Arbacia dufresnii,1,325,GJE,POINT (-64.28 -42.62)
M2_INVERT_DATA.4773,4773,912341872,Argentina,North Patagonian Gulfs,Temperate South America,ARG3,PNU,-42.62,-64.28,2012-04-10T14:00:00Z,11.5,Echinodermata,Echinoidea,Arbaciidae,Arbacia dufresnii,2,298,GJE,POINT (-64.28 -42.62)
M2_INVERT_DATA.4774,4774,912341872,Argentina,North Patagonian Gulfs,Temperate South America,ARG3,PNU,-42.62,-64.28,2012-04-10T14:00:00Z,11.5,Echinodermata,Asteroidea,Stichasteridae,Cosmasterias lurida,1,4,GJE,POINT (-64.28 -42.62)
M2_INVERT_DATA.4775,4775,912341872,Argentina,North Patagonian Gulfs,Temperate South America,ARG3,PNU,-42.62,-64.28,2012-04-10T14:00:00Z,11.5,Echinodermata,Asteroidea,Stichasteridae,Cosmasterias lurida,2,5,GJE,POINT (-64.28 -42.62)
M2_INVERT_DATA.4776,4776,912341872,Argentina,North Patagonian Gulfs,Temperate South America,ARG3,PNU,-42.62,-64.28,2012-04-10T14:00:00Z,11.5,Echinodermata,Asteroidea,Ganeriidae,Cycethra verrucosa,1,1,GJE,POINT (-64.28 -42.62)
M2_INVERT_DATA.4777,4777,912341872,Argentina,North Patagonian Gulfs,Temperate South America,ARG3,PNU,-42.62,-64.28,2012-04-10T14:00:00Z,11.5,Echinodermata,Asteroidea,Ganeriidae,Cycethra verrucosa,2,3,GJE,POINT (-64.28 -42.62)
M2_INVERT_DATA.4778,4778,912341872,Argentina,North Patagonian Gulfs,Temperate South America,ARG3,PNU,-42.62,-64.28,2012-04-10T14:00:00Z,11.5,Echinodermata,Asteroidea,Odontasteridae,Odontaster penicillatus,1,1,GJE,POINT (-64.28 -42.62)
M2_INVERT_DATA.4779,4779,912341872,Argentina,North Patagonian Gulfs,Temperate South America,ARG3,PNU,-42.62,-64.28,2012-04-10T14:00:00Z,11.5,Echinodermata,Asteroidea,Odontasteridae,Odontaster penicillatus,2,1,GJE,POINT (-64.28 -42.62)
M2_INVERT_DATA.4780,4780,912341872,Argentina,North Patagonian Gulfs,Temperate South America,ARG3,PNU,-42.62,-64.28,2012-04-10T14:00:00Z,11.5,Mollusca,Gastropoda,Turbinidae,Tegula patagonica,1,1500,GJE,POINT (-64.28 -42.62)
M2_INVERT_DATA.4781,4781,912341872,Argentina,North Patagonian Gulfs,Temperate South America,ARG3,PNU,-42.62,-64.28,2012-04-10T14:00:00Z,11.5,Mollusca,Gastropoda,Turbinidae,Tegula patagonica,2,1400,GJE,POINT (-64.28 -42.62)
M2_INVERT_DATA.4782,4782,912341872,Argentina,North Patagonian Gulfs,Temperate South America,ARG3,PNU,-42.62,-64.28,2012-04-10T14:00:00Z,11.5,Mollusca,Gastropoda,Chromodorididae,Tyrinna delicata,2,1,GJE,POINT (-64.28 -42.62)
M2_INVERT_DATA.4783,4783,912341873,Argentina,North Patagonian Gulfs,Temperate South America,ARG3,PNU,-42.62,-64.28,2012-04-10T14:00:00Z,12,Echinodermata,Asteroidea,Stichasteridae,Allostichaster capensis,1,1,AI,POINT (-64.28 -42.62)
M2_INVERT_DATA.4784,4784,912341873,Argentina,North Patagonian Gulfs,Temperate South America,ARG3,PNU,-42.62,-64.28,2012-04-10T14:00:00Z,12,Echinodermata,Asteroidea,Stichasteridae,Allostichaster capensis,2,1,AI,POINT (-64.28 -42.62)
M2_INVERT_DATA.4785,4785,912341873,Argentina,North Patagonian Gulfs,Temperate South America,ARG3,PNU,-42.62,-64.28,2012-04-10T14:00:00Z,12,Echinodermata,Echinoidea,Arbaciidae,Arbacia dufresnii,1,600,AI,POINT (-64.28 -42.62)
M2_INVERT_DATA.4786,4786,912341873,Argentina,North Patagonian Gulfs,Temperate South America,ARG3,PNU,-42.62,-64.28,2012-04-10T14:00:00Z,12,Echinodermata,Echinoidea,Arbaciidae,Arbacia dufresnii,2,600,AI,POINT (-64.28 -42.62)
M2_INVERT_DATA.4787,4787,912341873,Argentina,North Patagonian Gulfs,Temperate South America,ARG3,PNU,-42.62,-64.28,2012-04-10T14:00:00Z,12,Echinodermata,Asteroidea,Stichasteridae,Cosmasterias lurida,1,1,AI,POINT (-64.28 -42.62)
M2_INVERT_DATA.4788,4788,912341873,Argentina,North Patagonian Gulfs,Temperate South America,ARG3,PNU,-42.62,-64.28,2012-04-10T14:00:00Z,12,Echinodermata,Asteroidea,Stichasteridae,Cosmasterias lurida,2,1,AI,POINT (-64.28 -42.62)
M2_INVERT_DATA.4789,4789,912341873,Argentina,North Patagonian Gulfs,Temperate South America,ARG3,PNU,-42.62,-64.28,2012-04-10T14:00:00Z,12,Mollusca,Gastropoda,Discodorididae,Gargamella immaculata,1,2,AI,POINT (-64.28 -42.62)
M2_INVERT_DATA.4790,4790,912341873,Argentina,North Patagonian Gulfs,Temperate South America,ARG3,PNU,-42.62,-64.28,2012-04-10T14:00:00Z,12,Mollusca,Gastropoda,Discodorididae,Gargamella immaculata,2,2,AI,POINT (-64.28 -42.62)
M2_INVERT_DATA.4791,4791,912341873,Argentina,North Patagonian Gulfs,Temperate South America,ARG3,PNU,-42.62,-64.28,2012-04-10T14:00:00Z,12,Echinodermata,Asteroidea,Odontasteridae,Odontaster penicillatus,1,4,AI,POINT (-64.28 -42.62)
M2_INVERT_DATA.4792,4792,912341873,Argentina,North Patagonian Gulfs,Temperate South America,ARG3,PNU,-42.62,-64.28,2012-04-10T14:00:00Z,12,Echinodermata,Asteroidea,Odontasteridae,Odontaster penicillatus,2,4,AI,POINT (-64.28 -42.62)
M2_INVERT_DATA.4793,4793,912341873,Argentina,North Patagonian Gulfs,Temperate South America,ARG3,PNU,-42.62,-64.28,2012-04-10T14:00:00Z,12,Platyhelminthes,Turbellaria,,Polycladida spp.,1,3,AI,POINT (-64.28 -42.62)
M2_INVERT_DATA.4794,4794,912341873,Argentina,North Patagonian Gulfs,Temperate South America,ARG3,PNU,-42.62,-64.28,2012-04-10T14:00:00Z,12,Platyhelminthes,Turbellaria,,Polycladida spp.,2,3,AI,POINT (-64.28 -42.62)
M2_INVERT_DATA.4795,4795,912341873,Argentina,North Patagonian Gulfs,Temperate South America,ARG3,PNU,-42.62,-64.28,2012-04-10T14:00:00Z,12,Mollusca,Gastropoda,Turbinidae,Tegula patagonica,1,800,AI,POINT (-64.28 -42.62)
M2_INVERT_DATA.4796,4796,912341873,Argentina,North Patagonian Gulfs,Temperate South America,ARG3,PNU,-42.62,-64.28,2012-04-10T14:00:00Z,12,Mollusca,Gastropoda,Turbinidae,Tegula patagonica,2,800,AI,POINT (-64.28 -42.62)
M2_INVERT_DATA.4797,4797,912341874,Argentina,North Patagonian Gulfs,Temperate South America,ARG4,Colombo,-42.63,-64.24,2012-04-10T14:00:00Z,18,Echinodermata,Asteroidea,Stichasteridae,Allostichaster capensis,1,1,AI,POINT (-64.24 -42.63)
M2_INVERT_DATA.4798,4798,912341874,Argentina,North Patagonian Gulfs,Temperate South America,ARG4,Colombo,-42.63,-64.24,2012-04-10T14:00:00Z,18,Echinodermata,Echinoidea,Arbaciidae,Arbacia dufresnii,1,55,AI,POINT (-64.24 -42.63)
M2_INVERT_DATA.4799,4799,912341874,Argentina,North Patagonian Gulfs,Temperate South America,ARG4,Colombo,-42.63,-64.24,2012-04-10T14:00:00Z,18,Echinodermata,Asteroidea,Stichasteridae,Cosmasterias lurida,1,1,AI,POINT (-64.24 -42.63)
M2_INVERT_DATA.4800,4800,912341874,Argentina,North Patagonian Gulfs,Temperate South America,ARG4,Colombo,-42.63,-64.24,2012-04-10T14:00:00Z,18,Mollusca,Gastropoda,Discodorididae,Gargamella immaculata,1,2,AI,POINT (-64.24 -42.63)
M2_INVERT_DATA.4801,4801,912341874,Argentina,North Patagonian Gulfs,Temperate South America,ARG4,Colombo,-42.63,-64.24,2012-04-10T14:00:00Z,18,Mollusca,Gastropoda,Turbinidae,Tegula patagonica,1,78,AI,POINT (-64.24 -42.63)
M2_INVERT_DATA.4802,4802,912341874,Argentina,North Patagonian Gulfs,Temperate South America,ARG4,Colombo,-42.63,-64.24,2012-04-10T14:00:00Z,18,Echinodermata,Echinoidea,Arbaciidae,Arbacia dufresnii,2,185,GJE,POINT (-64.24 -42.63)
M2_INVERT_DATA.4803,4803,912341874,Argentina,North Patagonian Gulfs,Temperate South America,ARG4,Colombo,-42.63,-64.24,2012-04-10T14:00:00Z,18,Echinodermata,Asteroidea,Stichasteridae,Cosmasterias lurida,2,2,GJE,POINT (-64.24 -42.63)
M2_INVERT_DATA.4804,4804,912341874,Argentina,North Patagonian Gulfs,Temperate South America,ARG4,Colombo,-42.63,-64.24,2012-04-10T14:00:00Z,18,Echinodermata,Asteroidea,Ganeriidae,Cycethra verrucosa,2,1,GJE,POINT (-64.24 -42.63)
M2_INVERT_DATA.4805,4805,912341874,Argentina,North Patagonian Gulfs,Temperate South America,ARG4,Colombo,-42.63,-64.24,2012-04-10T14:00:00Z,18,Mollusca,Gastropoda,Discodorididae,Gargamella immaculata,2,1,GJE,POINT (-64.24 -42.63)
M2_INVERT_DATA.4806,4806,912341874,Argentina,North Patagonian Gulfs,Temperate South America,ARG4,Colombo,-42.63,-64.24,2012-04-10T14:00:00Z,18,Mollusca,Gastropoda,Turbinidae,Tegula patagonica,2,68,GJE,POINT (-64.24 -42.63)
M2_INVERT_DATA.4807,4807,912341875,Argentina,North Patagonian Gulfs,Temperate South America,ARG5,Wreck Mirralles,-42.77,-64.97,2012-04-11T14:00:00Z,18,Echinodermata,Echinoidea,Arbaciidae,Arbacia dufresnii,2,260,AI,POINT (-64.97 -42.77)
M2_INVERT_DATA.4808,4808,912341875,Argentina,North Patagonian Gulfs,Temperate South America,ARG5,Wreck Mirralles,-42.77,-64.97,2012-04-11T14:00:00Z,18,Echinodermata,Asteroidea,Stichasteridae,Cosmasterias lurida,2,1,AI,POINT (-64.97 -42.77)
M2_INVERT_DATA.4809,4809,912341875,Argentina,North Patagonian Gulfs,Temperate South America,ARG5,Wreck Mirralles,-42.77,-64.97,2012-04-11T14:00:00Z,18,Mollusca,Gastropoda,Discodorididae,Gargamella immaculata,2,1,AI,POINT (-64.97 -42.77)
M2_INVERT_DATA.4810,4810,912341875,Argentina,North Patagonian Gulfs,Temperate South America,ARG5,Wreck Mirralles,-42.77,-64.97,2012-04-11T14:00:00Z,18,Mollusca,Gastropoda,Turbinidae,Tegula patagonica,2,45,AI,POINT (-64.97 -42.77)
M2_INVERT_DATA.4811,4811,912341875,Argentina,North Patagonian Gulfs,Temperate South America,ARG5,Wreck Mirralles,-42.77,-64.97,2012-04-11T14:00:00Z,18,Echinodermata,Echinoidea,Arbaciidae,Arbacia dufresnii,1,422,GJE,POINT (-64.97 -42.77)
M2_INVERT_DATA.4812,4812,912341875,Argentina,North Patagonian Gulfs,Temperate South America,ARG5,Wreck Mirralles,-42.77,-64.97,2012-04-11T14:00:00Z,18,Echinodermata,Asteroidea,Stichasteridae,Cosmasterias lurida,1,5,GJE,POINT (-64.97 -42.77)
M2_INVERT_DATA.4813,4813,912341875,Argentina,North Patagonian Gulfs,Temperate South America,ARG5,Wreck Mirralles,-42.77,-64.97,2012-04-11T14:00:00Z,18,Echinodermata,Echinoidea,Temnopleuridae,Pseudechinus magellanicus,1,1,GJE,POINT (-64.97 -42.77)
M2_INVERT_DATA.4814,4814,912341875,Argentina,North Patagonian Gulfs,Temperate South America,ARG5,Wreck Mirralles,-42.77,-64.97,2012-04-11T14:00:00Z,18,Mollusca,Gastropoda,Turbinidae,Tegula patagonica,1,85,GJE,POINT (-64.97 -42.77)
M2_INVERT_DATA.4815,4815,912341876,Argentina,North Patagonian Gulfs,Temperate South America,ARG6,Punta Este,-42.78,-64.95,2012-04-11T14:00:00Z,10,Echinodermata,Asteroidea,Stichasteridae,Allostichaster capensis,1,12,SCE,POINT (-64.95 -42.78)
M2_INVERT_DATA.4816,4816,912341876,Argentina,North Patagonian Gulfs,Temperate South America,ARG6,Punta Este,-42.78,-64.95,2012-04-11T14:00:00Z,10,Echinodermata,Asteroidea,Stichasteridae,Allostichaster capensis,2,8,SCE,POINT (-64.95 -42.78)
M2_INVERT_DATA.4817,4817,912341876,Argentina,North Patagonian Gulfs,Temperate South America,ARG6,Punta Este,-42.78,-64.95,2012-04-11T14:00:00Z,10,Echinodermata,Echinoidea,Arbaciidae,Arbacia dufresnii,1,790,SCE,POINT (-64.95 -42.78)
M2_INVERT_DATA.4818,4818,912341876,Argentina,North Patagonian Gulfs,Temperate South America,ARG6,Punta Este,-42.78,-64.95,2012-04-11T14:00:00Z,10,Echinodermata,Echinoidea,Arbaciidae,Arbacia dufresnii,2,980,SCE,POINT (-64.95 -42.78)
M2_INVERT_DATA.4819,4819,912341876,Argentina,North Patagonian Gulfs,Temperate South America,ARG6,Punta Este,-42.78,-64.95,2012-04-11T14:00:00Z,10,Echinodermata,Asteroidea,Stichasteridae,Cosmasterias lurida,1,1,SCE,POINT (-64.95 -42.78)
M2_INVERT_DATA.4820,4820,912341876,Argentina,North Patagonian Gulfs,Temperate South America,ARG6,Punta Este,-42.78,-64.95,2012-04-11T14:00:00Z,10,Echinodermata,Asteroidea,Stichasteridae,Cosmasterias lurida,2,1,SCE,POINT (-64.95 -42.78)
M2_INVERT_DATA.4821,4821,912341876,Argentina,North Patagonian Gulfs,Temperate South America,ARG6,Punta Este,-42.78,-64.95,2012-04-11T14:00:00Z,10,Echinodermata,Asteroidea,Ganeriidae,Cycethra verrucosa,1,1,SCE,POINT (-64.95 -42.78)
M2_INVERT_DATA.4822,4822,912341876,Argentina,North Patagonian Gulfs,Temperate South America,ARG6,Punta Este,-42.78,-64.95,2012-04-11T14:00:00Z,10,Echinodermata,Asteroidea,Ganeriidae,Cycethra verrucosa,2,3,SCE,POINT (-64.95 -42.78)
M2_INVERT_DATA.4823,4823,912341876,Argentina,North Patagonian Gulfs,Temperate South America,ARG6,Punta Este,-42.78,-64.95,2012-04-11T14:00:00Z,10,Mollusca,Gastropoda,Discodorididae,Gargamella immaculata,1,2,SCE,POINT (-64.95 -42.78)
M2_INVERT_DATA.4824,4824,912341876,Argentina,North Patagonian Gulfs,Temperate South America,ARG6,Punta Este,-42.78,-64.95,2012-04-11T14:00:00Z,10,Mollusca,Gastropoda,Discodorididae,Gargamella immaculata,2,1,SCE,POINT (-64.95 -42.78)
M2_INVERT_DATA.4825,4825,912341876,Argentina,North Patagonian Gulfs,Temperate South America,ARG6,Punta Este,-42.78,-64.95,2012-04-11T14:00:00Z,10,Echinodermata,Echinoidea,Temnopleuridae,Pseudechinus magellanicus,1,290,SCE,POINT (-64.95 -42.78)
M2_INVERT_DATA.4826,4826,912341876,Argentina,North Patagonian Gulfs,Temperate South America,ARG6,Punta Este,-42.78,-64.95,2012-04-11T14:00:00Z,10,Echinodermata,Echinoidea,Temnopleuridae,Pseudechinus magellanicus,2,360,SCE,POINT (-64.95 -42.78)
M2_INVERT_DATA.4827,4827,912341876,Argentina,North Patagonian Gulfs,Temperate South America,ARG6,Punta Este,-42.78,-64.95,2012-04-11T14:00:00Z,10,Mollusca,Gastropoda,Turbinidae,Tegula patagonica,1,1350,SCE,POINT (-64.95 -42.78)
M2_INVERT_DATA.4828,4828,912341876,Argentina,North Patagonian Gulfs,Temperate South America,ARG6,Punta Este,-42.78,-64.95,2012-04-11T14:00:00Z,10,Mollusca,Gastropoda,Turbinidae,Tegula patagonica,2,940,SCE,POINT (-64.95 -42.78)
M2_INVERT_DATA.4829,4829,912341876,Argentina,North Patagonian Gulfs,Temperate South America,ARG6,Punta Este,-42.78,-64.95,2012-04-11T14:00:00Z,10,Mollusca,Gastropoda,Muricidae,Trophon spp.,1,13,SCE,POINT (-64.95 -42.78)
M2_INVERT_DATA.4830,4830,912341876,Argentina,North Patagonian Gulfs,Temperate South America,ARG6,Punta Este,-42.78,-64.95,2012-04-11T14:00:00Z,10,Mollusca,Gastropoda,Muricidae,Trophon spp.,2,11,SCE,POINT (-64.95 -42.78)
M2_INVERT_DATA.4831,4831,912341877,Argentina,North Patagonian Gulfs,Temperate South America,ARG6,Punta Este,-42.78,-64.95,2012-04-11T14:00:00Z,10.1,Echinodermata,Asteroidea,Stichasteridae,Allostichaster capensis,1,11,GJE,POINT (-64.95 -42.78)
M2_INVERT_DATA.4832,4832,912341877,Argentina,North Patagonian Gulfs,Temperate South America,ARG6,Punta Este,-42.78,-64.95,2012-04-11T14:00:00Z,10.1,Echinodermata,Asteroidea,Asteriidae,Anasterias antarctica,1,1,GJE,POINT (-64.95 -42.78)
M2_INVERT_DATA.4833,4833,912341877,Argentina,North Patagonian Gulfs,Temperate South America,ARG6,Punta Este,-42.78,-64.95,2012-04-11T14:00:00Z,10.1,Echinodermata,Echinoidea,Arbaciidae,Arbacia dufresnii,1,1150,GJE,POINT (-64.95 -42.78)
M2_INVERT_DATA.4834,4834,912341877,Argentina,North Patagonian Gulfs,Temperate South America,ARG6,Punta Este,-42.78,-64.95,2012-04-11T14:00:00Z,10.1,Echinodermata,Asteroidea,Stichasteridae,Cosmasterias lurida,1,2,GJE,POINT (-64.95 -42.78)
M2_INVERT_DATA.4835,4835,912341877,Argentina,North Patagonian Gulfs,Temperate South America,ARG6,Punta Este,-42.78,-64.95,2012-04-11T14:00:00Z,10.1,Echinodermata,Asteroidea,Ganeriidae,Cycethra verrucosa,1,2,GJE,POINT (-64.95 -42.78)
M2_INVERT_DATA.4836,4836,912341877,Argentina,North Patagonian Gulfs,Temperate South America,ARG6,Punta Este,-42.78,-64.95,2012-04-11T14:00:00Z,10.1,Mollusca,Gastropoda,Discodorididae,Gargamella immaculata,1,2,GJE,POINT (-64.95 -42.78)
M2_INVERT_DATA.4837,4837,912341877,Argentina,North Patagonian Gulfs,Temperate South America,ARG6,Punta Este,-42.78,-64.95,2012-04-11T14:00:00Z,10.1,Echinodermata,Echinoidea,Temnopleuridae,Pseudechinus magellanicus,1,635,GJE,POINT (-64.95 -42.78)
M2_INVERT_DATA.4838,4838,912341877,Argentina,North Patagonian Gulfs,Temperate South America,ARG6,Punta Este,-42.78,-64.95,2012-04-11T14:00:00Z,10.1,Mollusca,Gastropoda,Turbinidae,Tegula patagonica,1,371,GJE,POINT (-64.95 -42.78)
M2_INVERT_DATA.4839,4839,912341877,Argentina,North Patagonian Gulfs,Temperate South America,ARG6,Punta Este,-42.78,-64.95,2012-04-11T14:00:00Z,10.1,Mollusca,Gastropoda,Chromodorididae,Tyrinna delicata,1,1,GJE,POINT (-64.95 -42.78)
M2_INVERT_DATA.4840,4840,912341877,Argentina,North Patagonian Gulfs,Temperate South America,ARG6,Punta Este,-42.78,-64.95,2012-04-11T14:00:00Z,10.1,Echinodermata,Asteroidea,Stichasteridae,Allostichaster capensis,2,7,SCE,POINT (-64.95 -42.78)
M2_INVERT_DATA.4841,4841,912341877,Argentina,North Patagonian Gulfs,Temperate South America,ARG6,Punta Este,-42.78,-64.95,2012-04-11T14:00:00Z,10.1,Echinodermata,Echinoidea,Arbaciidae,Arbacia dufresnii,2,940,SCE,POINT (-64.95 -42.78)
M2_INVERT_DATA.4842,4842,912341877,Argentina,North Patagonian Gulfs,Temperate South America,ARG6,Punta Este,-42.78,-64.95,2012-04-11T14:00:00Z,10.1,Echinodermata,Asteroidea,Stichasteridae,Cosmasterias lurida,2,2,SCE,POINT (-64.95 -42.78)
M2_INVERT_DATA.4843,4843,912341877,Argentina,North Patagonian Gulfs,Temperate South America,ARG6,Punta Este,-42.78,-64.95,2012-04-11T14:00:00Z,10.1,Echinodermata,Echinoidea,Temnopleuridae,Pseudechinus magellanicus,2,220,SCE,POINT (-64.95 -42.78)
M2_INVERT_DATA.4844,4844,912341877,Argentina,North Patagonian Gulfs,Temperate South America,ARG6,Punta Este,-42.78,-64.95,2012-04-11T14:00:00Z,10.1,Mollusca,Gastropoda,Turbinidae,Tegula patagonica,2,880,SCE,POINT (-64.95 -42.78)
M2_INVERT_DATA.4845,4845,912341877,Argentina,North Patagonian Gulfs,Temperate South America,ARG6,Punta Este,-42.78,-64.95,2012-04-11T14:00:00Z,10.1,Mollusca,Gastropoda,Muricidae,Trophon spp.,2,1,SCE,POINT (-64.95 -42.78)
M2_INVERT_DATA.4846,4846,912341878,Argentina,North Patagonian Gulfs,Temperate South America,ARG7,Sitio Top Secret,-42.77,-64.94,2012-04-11T14:00:00Z,12,Echinodermata,Asteroidea,Asteriidae,Anasterias antarctica,2,2,AI,POINT (-64.94 -42.77)
M2_INVERT_DATA.4847,4847,912341878,Argentina,North Patagonian Gulfs,Temperate South America,ARG7,Sitio Top Secret,-42.77,-64.94,2012-04-11T14:00:00Z,12,Echinodermata,Echinoidea,Arbaciidae,Arbacia dufresnii,2,800,AI,POINT (-64.94 -42.77)
M2_INVERT_DATA.4848,4848,912341878,Argentina,North Patagonian Gulfs,Temperate South America,ARG7,Sitio Top Secret,-42.77,-64.94,2012-04-11T14:00:00Z,12,Echinodermata,Asteroidea,Stichasteridae,Cosmasterias lurida,2,10,AI,POINT (-64.94 -42.77)
M2_INVERT_DATA.4849,4849,912341878,Argentina,North Patagonian Gulfs,Temperate South America,ARG7,Sitio Top Secret,-42.77,-64.94,2012-04-11T14:00:00Z,12,Mollusca,Gastropoda,Fissurellidae,Fissurellidea patagonica,2,1,AI,POINT (-64.94 -42.77)
M2_INVERT_DATA.4850,4850,912341878,Argentina,North Patagonian Gulfs,Temperate South America,ARG7,Sitio Top Secret,-42.77,-64.94,2012-04-11T14:00:00Z,12,Platyhelminthes,Turbellaria,,Polycladida spp.,2,1,AI,POINT (-64.94 -42.77)
M2_INVERT_DATA.4851,4851,912341878,Argentina,North Patagonian Gulfs,Temperate South America,ARG7,Sitio Top Secret,-42.77,-64.94,2012-04-11T14:00:00Z,12,Echinodermata,Echinoidea,Temnopleuridae,Pseudechinus magellanicus,2,13,AI,POINT (-64.94 -42.77)
M2_INVERT_DATA.4852,4852,912341878,Argentina,North Patagonian Gulfs,Temperate South America,ARG7,Sitio Top Secret,-42.77,-64.94,2012-04-11T14:00:00Z,12,Mollusca,Gastropoda,Turbinidae,Tegula patagonica,2,500,AI,POINT (-64.94 -42.77)
M2_INVERT_DATA.4853,4853,912341878,Argentina,North Patagonian Gulfs,Temperate South America,ARG7,Sitio Top Secret,-42.77,-64.94,2012-04-11T14:00:00Z,12,Echinodermata,Echinoidea,Arbaciidae,Arbacia dufresnii,1,765,GJE,POINT (-64.94 -42.77)
M2_INVERT_DATA.4854,4854,912341878,Argentina,North Patagonian Gulfs,Temperate South America,ARG7,Sitio Top Secret,-42.77,-64.94,2012-04-11T14:00:00Z,12,Echinodermata,Asteroidea,Stichasteridae,Cosmasterias lurida,1,13,GJE,POINT (-64.94 -42.77)
M2_INVERT_DATA.4855,4855,912341878,Argentina,North Patagonian Gulfs,Temperate South America,ARG7,Sitio Top Secret,-42.77,-64.94,2012-04-11T14:00:00Z,12,Platyhelminthes,Turbellaria,,Polycladida spp.,1,1,GJE,POINT (-64.94 -42.77)
M2_INVERT_DATA.4856,4856,912341878,Argentina,North Patagonian Gulfs,Temperate South America,ARG7,Sitio Top Secret,-42.77,-64.94,2012-04-11T14:00:00Z,12,Mollusca,Gastropoda,Turbinidae,Tegula patagonica,1,690,GJE,POINT (-64.94 -42.77)
M2_INVERT_DATA.4857,4857,912341879,Argentina,North Patagonian Gulfs,Temperate South America,ARG8,El Bosque,-42.94,-64.46,2012-04-14T14:00:00Z,10,Echinodermata,Asteroidea,Stichasteridae,Allostichaster capensis,1,13,GJE,POINT (-64.46 -42.94)
M2_INVERT_DATA.4858,4858,912341879,Argentina,North Patagonian Gulfs,Temperate South America,ARG8,El Bosque,-42.94,-64.46,2012-04-14T14:00:00Z,10,Echinodermata,Asteroidea,Stichasteridae,Allostichaster capensis,2,18,GJE,POINT (-64.46 -42.94)
M2_INVERT_DATA.4859,4859,912341879,Argentina,North Patagonian Gulfs,Temperate South America,ARG8,El Bosque,-42.94,-64.46,2012-04-14T14:00:00Z,10,Echinodermata,Echinoidea,Arbaciidae,Arbacia dufresnii,1,134,GJE,POINT (-64.46 -42.94)
M2_INVERT_DATA.4860,4860,912341879,Argentina,North Patagonian Gulfs,Temperate South America,ARG8,El Bosque,-42.94,-64.46,2012-04-14T14:00:00Z,10,Echinodermata,Echinoidea,Arbaciidae,Arbacia dufresnii,2,124,GJE,POINT (-64.46 -42.94)
M2_INVERT_DATA.4861,4861,912341879,Argentina,North Patagonian Gulfs,Temperate South America,ARG8,El Bosque,-42.94,-64.46,2012-04-14T14:00:00Z,10,Mollusca,Gastropoda,Trochidae,Calliostoma spp.,1,1,GJE,POINT (-64.46 -42.94)
M2_INVERT_DATA.4862,4862,912341879,Argentina,North Patagonian Gulfs,Temperate South America,ARG8,El Bosque,-42.94,-64.46,2012-04-14T14:00:00Z,10,Echinodermata,Asteroidea,Stichasteridae,Cosmasterias lurida,1,3,GJE,POINT (-64.46 -42.94)
M2_INVERT_DATA.4863,4863,912341879,Argentina,North Patagonian Gulfs,Temperate South America,ARG8,El Bosque,-42.94,-64.46,2012-04-14T14:00:00Z,10,Echinodermata,Asteroidea,Stichasteridae,Cosmasterias lurida,2,1,GJE,POINT (-64.46 -42.94)
M2_INVERT_DATA.4864,4864,912341879,Argentina,North Patagonian Gulfs,Temperate South America,ARG8,El Bosque,-42.94,-64.46,2012-04-14T14:00:00Z,10,Echinodermata,Asteroidea,Ganeriidae,Cycethra verrucosa,1,2,GJE,POINT (-64.46 -42.94)
M2_INVERT_DATA.4865,4865,912341879,Argentina,North Patagonian Gulfs,Temperate South America,ARG8,El Bosque,-42.94,-64.46,2012-04-14T14:00:00Z,10,Echinodermata,Asteroidea,Ganeriidae,Cycethra verrucosa,2,4,GJE,POINT (-64.46 -42.94)
M2_INVERT_DATA.4866,4866,912341879,Argentina,North Patagonian Gulfs,Temperate South America,ARG8,El Bosque,-42.94,-64.46,2012-04-14T14:00:00Z,10,Mollusca,Gastropoda,Discodorididae,Diaulula spp.,1,1,GJE,POINT (-64.46 -42.94)
M2_INVERT_DATA.4867,4867,912341879,Argentina,North Patagonian Gulfs,Temperate South America,ARG8,El Bosque,-42.94,-64.46,2012-04-14T14:00:00Z,10,Mollusca,Gastropoda,Volutidae,Odontocymbiola magellanica,2,1,GJE,POINT (-64.46 -42.94)
M2_INVERT_DATA.4868,4868,912341879,Argentina,North Patagonian Gulfs,Temperate South America,ARG8,El Bosque,-42.94,-64.46,2012-04-14T14:00:00Z,10,Mollusca,Gastropoda,Turbinidae,Tegula patagonica,1,880,GJE,POINT (-64.46 -42.94)
M2_INVERT_DATA.4869,4869,912341879,Argentina,North Patagonian Gulfs,Temperate South America,ARG8,El Bosque,-42.94,-64.46,2012-04-14T14:00:00Z,10,Mollusca,Gastropoda,Turbinidae,Tegula patagonica,2,550,GJE,POINT (-64.46 -42.94)
M2_INVERT_DATA.4870,4870,912341879,Argentina,North Patagonian Gulfs,Temperate South America,ARG8,El Bosque,-42.94,-64.46,2012-04-14T14:00:00Z,10,Mollusca,Gastropoda,Polyceridae,Thecacera spp.,1,1,GJE,POINT (-64.46 -42.94)
M2_INVERT_DATA.4871,4871,912341879,Argentina,North Patagonian Gulfs,Temperate South America,ARG8,El Bosque,-42.94,-64.46,2012-04-14T14:00:00Z,10,Mollusca,Gastropoda,Polyceridae,Thecacera spp.,2,2,GJE,POINT (-64.46 -42.94)
M2_INVERT_DATA.4872,4872,912341879,Argentina,North Patagonian Gulfs,Temperate South America,ARG8,El Bosque,-42.94,-64.46,2012-04-14T14:00:00Z,10,Mollusca,Gastropoda,Muricidae,Trophon geversianus,1,1,GJE,POINT (-64.46 -42.94)
M2_INVERT_DATA.4873,4873,912341879,Argentina,North Patagonian Gulfs,Temperate South America,ARG8,El Bosque,-42.94,-64.46,2012-04-14T14:00:00Z,10,Mollusca,Gastropoda,Muricidae,Trophon plicatus,1,1,GJE,POINT (-64.46 -42.94)
M2_INVERT_DATA.4874,4874,912341880,Argentina,North Patagonian Gulfs,Temperate South America,ARG8,El Bosque,-42.94,-64.46,2012-04-14T14:00:00Z,10.1,Echinodermata,Asteroidea,Stichasteridae,Allostichaster capensis,1,20,AI,POINT (-64.46 -42.94)
M2_INVERT_DATA.4875,4875,912341880,Argentina,North Patagonian Gulfs,Temperate South America,ARG8,El Bosque,-42.94,-64.46,2012-04-14T14:00:00Z,10.1,Echinodermata,Asteroidea,Stichasteridae,Allostichaster capensis,2,7,AI,POINT (-64.46 -42.94)
M2_INVERT_DATA.4876,4876,912341880,Argentina,North Patagonian Gulfs,Temperate South America,ARG8,El Bosque,-42.94,-64.46,2012-04-14T14:00:00Z,10.1,Echinodermata,Echinoidea,Arbaciidae,Arbacia dufresnii,1,52,AI,POINT (-64.46 -42.94)
M2_INVERT_DATA.4877,4877,912341880,Argentina,North Patagonian Gulfs,Temperate South America,ARG8,El Bosque,-42.94,-64.46,2012-04-14T14:00:00Z,10.1,Echinodermata,Echinoidea,Arbaciidae,Arbacia dufresnii,2,58,AI,POINT (-64.46 -42.94)
M2_INVERT_DATA.4878,4878,912341880,Argentina,North Patagonian Gulfs,Temperate South America,ARG8,El Bosque,-42.94,-64.46,2012-04-14T14:00:00Z,10.1,Echinodermata,Asteroidea,Stichasteridae,Cosmasterias lurida,1,3,AI,POINT (-64.46 -42.94)
M2_INVERT_DATA.4879,4879,912341880,Argentina,North Patagonian Gulfs,Temperate South America,ARG8,El Bosque,-42.94,-64.46,2012-04-14T14:00:00Z,10.1,Echinodermata,Asteroidea,Stichasteridae,Cosmasterias lurida,2,2,AI,POINT (-64.46 -42.94)
M2_INVERT_DATA.4880,4880,912341880,Argentina,North Patagonian Gulfs,Temperate South America,ARG8,El Bosque,-42.94,-64.46,2012-04-14T14:00:00Z,10.1,Echinodermata,Asteroidea,Ganeriidae,Cycethra verrucosa,1,1,AI,POINT (-64.46 -42.94)
M2_INVERT_DATA.4881,4881,912341880,Argentina,North Patagonian Gulfs,Temperate South America,ARG8,El Bosque,-42.94,-64.46,2012-04-14T14:00:00Z,10.1,Echinodermata,Asteroidea,Ganeriidae,Cycethra verrucosa,2,1,AI,POINT (-64.46 -42.94)
M2_INVERT_DATA.4882,4882,912341880,Argentina,North Patagonian Gulfs,Temperate South America,ARG8,El Bosque,-42.94,-64.46,2012-04-14T14:00:00Z,10.1,Mollusca,Gastropoda,Discodorididae,Gargamella immaculata,1,1,AI,POINT (-64.46 -42.94)
M2_INVERT_DATA.4883,4883,912341880,Argentina,North Patagonian Gulfs,Temperate South America,ARG8,El Bosque,-42.94,-64.46,2012-04-14T14:00:00Z,10.1,Platyhelminthes,Turbellaria,,Polycladida spp.,1,1,AI,POINT (-64.46 -42.94)
M2_INVERT_DATA.4884,4884,912341880,Argentina,North Patagonian Gulfs,Temperate South America,ARG8,El Bosque,-42.94,-64.46,2012-04-14T14:00:00Z,10.1,Mollusca,Gastropoda,Turbinidae,Tegula patagonica,1,500,AI,POINT (-64.46 -42.94)
M2_INVERT_DATA.4885,4885,912341880,Argentina,North Patagonian Gulfs,Temperate South America,ARG8,El Bosque,-42.94,-64.46,2012-04-14T14:00:00Z,10.1,Mollusca,Gastropoda,Turbinidae,Tegula patagonica,2,450,AI,POINT (-64.46 -42.94)
M2_INVERT_DATA.4886,4886,912341880,Argentina,North Patagonian Gulfs,Temperate South America,ARG8,El Bosque,-42.94,-64.46,2012-04-14T14:00:00Z,10.1,Mollusca,Gastropoda,Muricidae,Trophon geversianus,1,8,AI,POINT (-64.46 -42.94)
M2_INVERT_DATA.4887,4887,912341880,Argentina,North Patagonian Gulfs,Temperate South America,ARG8,El Bosque,-42.94,-64.46,2012-04-14T14:00:00Z,10.1,Mollusca,Gastropoda,Muricidae,Trophon geversianus,2,3,AI,POINT (-64.46 -42.94)
M2_INVERT_DATA.4888,4888,912341880,Argentina,North Patagonian Gulfs,Temperate South America,ARG8,El Bosque,-42.94,-64.46,2012-04-14T14:00:00Z,10.1,Mollusca,Gastropoda,Chromodorididae,Tyrinna delicata,2,1,AI,POINT (-64.46 -42.94)
M2_INVERT_DATA.4889,4889,912341881,Argentina,North Patagonian Gulfs,Temperate South America,ARG9,El Pedral,-42.95,-64.43,2012-04-14T14:00:00Z,8,Echinodermata,Asteroidea,Stichasteridae,Allostichaster capensis,1,2,GJE,POINT (-64.43 -42.95)
M2_INVERT_DATA.4890,4890,912341881,Argentina,North Patagonian Gulfs,Temperate South America,ARG9,El Pedral,-42.95,-64.43,2012-04-14T14:00:00Z,8,Echinodermata,Echinoidea,Arbaciidae,Arbacia dufresnii,1,19,GJE,POINT (-64.43 -42.95)
M2_INVERT_DATA.4891,4891,912341881,Argentina,North Patagonian Gulfs,Temperate South America,ARG9,El Pedral,-42.95,-64.43,2012-04-14T14:00:00Z,8,Echinodermata,Echinoidea,Arbaciidae,Arbacia dufresnii,2,12,GJE,POINT (-64.43 -42.95)
M2_INVERT_DATA.4892,4892,912341881,Argentina,North Patagonian Gulfs,Temperate South America,ARG9,El Pedral,-42.95,-64.43,2012-04-14T14:00:00Z,8,Mollusca,Gastropoda,Fissurellidae,Fissurellidea patagonica,1,1,GJE,POINT (-64.43 -42.95)
M2_INVERT_DATA.4893,4893,912341881,Argentina,North Patagonian Gulfs,Temperate South America,ARG9,El Pedral,-42.95,-64.43,2012-04-14T14:00:00Z,8,Mollusca,Gastropoda,Turbinidae,Tegula patagonica,1,775,GJE,POINT (-64.43 -42.95)
M2_INVERT_DATA.4894,4894,912341881,Argentina,North Patagonian Gulfs,Temperate South America,ARG9,El Pedral,-42.95,-64.43,2012-04-14T14:00:00Z,8,Mollusca,Gastropoda,Turbinidae,Tegula patagonica,2,480,GJE,POINT (-64.43 -42.95)
M2_INVERT_DATA.4895,4895,912341881,Argentina,North Patagonian Gulfs,Temperate South America,ARG9,El Pedral,-42.95,-64.43,2012-04-14T14:00:00Z,8,Mollusca,Gastropoda,Muricidae,Trophon geversianus,1,3,GJE,POINT (-64.43 -42.95)
M2_INVERT_DATA.4896,4896,912341881,Argentina,North Patagonian Gulfs,Temperate South America,ARG9,El Pedral,-42.95,-64.43,2012-04-14T14:00:00Z,8,Mollusca,Gastropoda,Muricidae,Trophon plicatus,1,11,GJE,POINT (-64.43 -42.95)
M2_INVERT_DATA.4897,4897,912341881,Argentina,North Patagonian Gulfs,Temperate South America,ARG9,El Pedral,-42.95,-64.43,2012-04-14T14:00:00Z,8,Mollusca,Gastropoda,Muricidae,Trophon plicatus,2,2,GJE,POINT (-64.43 -42.95)
M2_INVERT_DATA.4898,4898,912341882,Argentina,North Patagonian Gulfs,Temperate South America,ARG9,El Pedral,-42.95,-64.43,2012-04-14T14:00:00Z,8.1,Echinodermata,Asteroidea,Stichasteridae,Allostichaster capensis,1,2,AI,POINT (-64.43 -42.95)
M2_INVERT_DATA.4899,4899,912341882,Argentina,North Patagonian Gulfs,Temperate South America,ARG9,El Pedral,-42.95,-64.43,2012-04-14T14:00:00Z,8.1,Echinodermata,Asteroidea,Stichasteridae,Allostichaster capensis,2,3,AI,POINT (-64.43 -42.95)
M2_INVERT_DATA.4900,4900,912341882,Argentina,North Patagonian Gulfs,Temperate South America,ARG9,El Pedral,-42.95,-64.43,2012-04-14T14:00:00Z,8.1,Echinodermata,Asteroidea,Asteriidae,Anasterias antarctica,1,1,AI,POINT (-64.43 -42.95)
M2_INVERT_DATA.4901,4901,912341882,Argentina,North Patagonian Gulfs,Temperate South America,ARG9,El Pedral,-42.95,-64.43,2012-04-14T14:00:00Z,8.1,Echinodermata,Asteroidea,Asteriidae,Anasterias antarctica,2,1,AI,POINT (-64.43 -42.95)
M2_INVERT_DATA.4902,4902,912341882,Argentina,North Patagonian Gulfs,Temperate South America,ARG9,El Pedral,-42.95,-64.43,2012-04-14T14:00:00Z,8.1,Echinodermata,Echinoidea,Arbaciidae,Arbacia dufresnii,1,33,AI,POINT (-64.43 -42.95)
M2_INVERT_DATA.4903,4903,912341882,Argentina,North Patagonian Gulfs,Temperate South America,ARG9,El Pedral,-42.95,-64.43,2012-04-14T14:00:00Z,8.1,Echinodermata,Echinoidea,Arbaciidae,Arbacia dufresnii,2,20,AI,POINT (-64.43 -42.95)
M2_INVERT_DATA.4904,4904,912341882,Argentina,North Patagonian Gulfs,Temperate South America,ARG9,El Pedral,-42.95,-64.43,2012-04-14T14:00:00Z,8.1,Arthropoda,Malacostraca,Epialtidae,Leucippa pentagona,1,1,AI,POINT (-64.43 -42.95)
M2_INVERT_DATA.4905,4905,912341882,Argentina,North Patagonian Gulfs,Temperate South America,ARG9,El Pedral,-42.95,-64.43,2012-04-14T14:00:00Z,8.1,Mollusca,Gastropoda,Volutidae,Odontocymbiola magellanica,1,1,AI,POINT (-64.43 -42.95)
M2_INVERT_DATA.4906,4906,912341882,Argentina,North Patagonian Gulfs,Temperate South America,ARG9,El Pedral,-42.95,-64.43,2012-04-14T14:00:00Z,8.1,Platyhelminthes,Turbellaria,,Polycladida spp.,2,1,AI,POINT (-64.43 -42.95)
M2_INVERT_DATA.4907,4907,912341882,Argentina,North Patagonian Gulfs,Temperate South America,ARG9,El Pedral,-42.95,-64.43,2012-04-14T14:00:00Z,8.1,Mollusca,Gastropoda,Turbinidae,Tegula patagonica,1,400,AI,POINT (-64.43 -42.95)
M2_INVERT_DATA.4908,4908,912341882,Argentina,North Patagonian Gulfs,Temperate South America,ARG9,El Pedral,-42.95,-64.43,2012-04-14T14:00:00Z,8.1,Mollusca,Gastropoda,Turbinidae,Tegula patagonica,2,300,AI,POINT (-64.43 -42.95)
M2_INVERT_DATA.4909,4909,912341882,Argentina,North Patagonian Gulfs,Temperate South America,ARG9,El Pedral,-42.95,-64.43,2012-04-14T14:00:00Z,8.1,Mollusca,Gastropoda,Muricidae,Trophon geversianus,1,2,AI,POINT (-64.43 -42.95)
M2_INVERT_DATA.4910,4910,912341882,Argentina,North Patagonian Gulfs,Temperate South America,ARG9,El Pedral,-42.95,-64.43,2012-04-14T14:00:00Z,8.1,Mollusca,Gastropoda,Muricidae,Trophon geversianus,2,10,AI,POINT (-64.43 -42.95)
M2_INVERT_DATA.4911,4911,912341882,Argentina,North Patagonian Gulfs,Temperate South America,ARG9,El Pedral,-42.95,-64.43,2012-04-14T14:00:00Z,8.1,Mollusca,Gastropoda,Muricidae,Trophon plicatus,1,2,AI,POINT (-64.43 -42.95)
M2_INVERT_DATA.4912,4912,912341882,Argentina,North Patagonian Gulfs,Temperate South America,ARG9,El Pedral,-42.95,-64.43,2012-04-14T14:00:00Z,8.1,Mollusca,Gastropoda,Muricidae,Trophon plicatus,2,2,AI,POINT (-64.43 -42.95)
M2_INVERT_DATA.7821,7821,912341863,Argentina,North Patagonian Gulfs,Temperate South America,ARG1,San Roman,-42.26,-64.23,2012-04-09T14:00:00Z,9.5,Echinodermata,Asteroidea,Stichasteridae,Allostichaster capensis,2,13,AI,POINT (-64.23 -42.26)
M2_INVERT_DATA.7822,7822,912341863,Argentina,North Patagonian Gulfs,Temperate South America,ARG1,San Roman,-42.26,-64.23,2012-04-09T14:00:00Z,9.5,Echinodermata,Asteroidea,Asteriidae,Anasterias antarctica,2,2,AI,POINT (-64.23 -42.26)
M2_INVERT_DATA.7823,7823,912341863,Argentina,North Patagonian Gulfs,Temperate South America,ARG1,San Roman,-42.26,-64.23,2012-04-09T14:00:00Z,9.5,Echinodermata,Echinoidea,Arbaciidae,Arbacia dufresnii,2,2250,AI,POINT (-64.23 -42.26)
M2_INVERT_DATA.7824,7824,912341863,Argentina,North Patagonian Gulfs,Temperate South America,ARG1,San Roman,-42.26,-64.23,2012-04-09T14:00:00Z,9.5,Echinodermata,Asteroidea,Stichasteridae,Cosmasterias lurida,2,4,AI,POINT (-64.23 -42.26)
M2_INVERT_DATA.7825,7825,912341863,Argentina,North Patagonian Gulfs,Temperate South America,ARG1,San Roman,-42.26,-64.23,2012-04-09T14:00:00Z,9.5,Mollusca,Gastropoda,Dorididae,Doris fontainii,2,1,AI,POINT (-64.23 -42.26)
M2_INVERT_DATA.7826,7826,912341863,Argentina,North Patagonian Gulfs,Temperate South America,ARG1,San Roman,-42.26,-64.23,2012-04-09T14:00:00Z,9.5,Mollusca,Gastropoda,Pleurobranchidae,Pleurobranchaea spp.,2,1,AI,POINT (-64.23 -42.26)
M2_INVERT_DATA.7827,7827,912341863,Argentina,North Patagonian Gulfs,Temperate South America,ARG1,San Roman,-42.26,-64.23,2012-04-09T14:00:00Z,9.5,Mollusca,Gastropoda,Turbinidae,Tegula patagonica,2,9,AI,POINT (-64.23 -42.26)
M2_INVERT_DATA.7828,7828,912341863,Argentina,North Patagonian Gulfs,Temperate South America,ARG1,San Roman,-42.26,-64.23,2012-04-09T14:00:00Z,9.5,Mollusca,Gastropoda,Volutidae,Adelomelon ancilla,1,1,GJE,POINT (-64.23 -42.26)
M2_INVERT_DATA.7829,7829,912341863,Argentina,North Patagonian Gulfs,Temperate South America,ARG1,San Roman,-42.26,-64.23,2012-04-09T14:00:00Z,9.5,Echinodermata,Asteroidea,Stichasteridae,Allostichaster capensis,1,13,GJE,POINT (-64.23 -42.26)
M2_INVERT_DATA.7830,7830,912341863,Argentina,North Patagonian Gulfs,Temperate South America,ARG1,San Roman,-42.26,-64.23,2012-04-09T14:00:00Z,9.5,Echinodermata,Echinoidea,Arbaciidae,Arbacia dufresnii,1,1860,GJE,POINT (-64.23 -42.26)
M2_INVERT_DATA.7831,7831,912341863,Argentina,North Patagonian Gulfs,Temperate South America,ARG1,San Roman,-42.26,-64.23,2012-04-09T14:00:00Z,9.5,Echinodermata,Asteroidea,Stichasteridae,Cosmasterias lurida,1,2,GJE,POINT (-64.23 -42.26)
M2_INVERT_DATA.7832,7832,912341863,Argentina,North Patagonian Gulfs,Temperate South America,ARG1,San Roman,-42.26,-64.23,2012-04-09T14:00:00Z,9.5,Echinodermata,Asteroidea,Ganeriidae,Cycethra verrucosa,1,2,GJE,POINT (-64.23 -42.26)
M2_INVERT_DATA.7833,7833,912341863,Argentina,North Patagonian Gulfs,Temperate South America,ARG1,San Roman,-42.26,-64.23,2012-04-09T14:00:00Z,9.5,Mollusca,Gastropoda,Pleurobranchidae,Pleurobranchaea spp.,1,2,GJE,POINT (-64.23 -42.26)
M2_INVERT_DATA.7834,7834,912341863,Argentina,North Patagonian Gulfs,Temperate South America,ARG1,San Roman,-42.26,-64.23,2012-04-09T14:00:00Z,9.5,Mollusca,Gastropoda,Turbinidae,Tegula patagonica,1,6,GJE,POINT (-64.23 -42.26)
M2_INVERT_DATA.7835,7835,912341864,Argentina,North Patagonian Gulfs,Temperate South America,ARG1,San Roman,-42.26,-64.23,2012-04-09T14:00:00Z,10,Echinodermata,Asteroidea,Stichasteridae,Allostichaster capensis,1,11,GJE,POINT (-64.23 -42.26)
M2_INVERT_DATA.7836,7836,912341864,Argentina,North Patagonian Gulfs,Temperate South America,ARG1,San Roman,-42.26,-64.23,2012-04-09T14:00:00Z,10,Echinodermata,Asteroidea,Stichasteridae,Allostichaster capensis,2,16,GJE,POINT (-64.23 -42.26)
M2_INVERT_DATA.7837,7837,912341864,Argentina,North Patagonian Gulfs,Temperate South America,ARG1,San Roman,-42.26,-64.23,2012-04-09T14:00:00Z,10,Echinodermata,Asteroidea,Asteriidae,Anasterias antarctica,1,2,GJE,POINT (-64.23 -42.26)
M2_INVERT_DATA.7838,7838,912341864,Argentina,North Patagonian Gulfs,Temperate South America,ARG1,San Roman,-42.26,-64.23,2012-04-09T14:00:00Z,10,Echinodermata,Asteroidea,Asteriidae,Anasterias antarctica,2,6,GJE,POINT (-64.23 -42.26)
M2_INVERT_DATA.7839,7839,912341864,Argentina,North Patagonian Gulfs,Temperate South America,ARG1,San Roman,-42.26,-64.23,2012-04-09T14:00:00Z,10,Echinodermata,Echinoidea,Arbaciidae,Arbacia dufresnii,1,1450,GJE,POINT (-64.23 -42.26)
M2_INVERT_DATA.7840,7840,912341864,Argentina,North Patagonian Gulfs,Temperate South America,ARG1,San Roman,-42.26,-64.23,2012-04-09T14:00:00Z,10,Echinodermata,Echinoidea,Arbaciidae,Arbacia dufresnii,2,1350,GJE,POINT (-64.23 -42.26)
M2_INVERT_DATA.7841,7841,912341864,Argentina,North Patagonian Gulfs,Temperate South America,ARG1,San Roman,-42.26,-64.23,2012-04-09T14:00:00Z,10,Echinodermata,Asteroidea,Astropectinidae,Astropecten spp.,1,1,GJE,POINT (-64.23 -42.26)
M2_INVERT_DATA.7842,7842,912341864,Argentina,North Patagonian Gulfs,Temperate South America,ARG1,San Roman,-42.26,-64.23,2012-04-09T14:00:00Z,10,Echinodermata,Asteroidea,Stichasteridae,Cosmasterias lurida,1,3,GJE,POINT (-64.23 -42.26)
M2_INVERT_DATA.7843,7843,912341864,Argentina,North Patagonian Gulfs,Temperate South America,ARG1,San Roman,-42.26,-64.23,2012-04-09T14:00:00Z,10,Echinodermata,Asteroidea,Stichasteridae,Cosmasterias lurida,2,6,GJE,POINT (-64.23 -42.26)
M2_INVERT_DATA.7844,7844,912341864,Argentina,North Patagonian Gulfs,Temperate South America,ARG1,San Roman,-42.26,-64.23,2012-04-09T14:00:00Z,10,Echinodermata,Asteroidea,Ganeriidae,Cycethra verrucosa,1,1,GJE,POINT (-64.23 -42.26)
M2_INVERT_DATA.7845,7845,912341864,Argentina,North Patagonian Gulfs,Temperate South America,ARG1,San Roman,-42.26,-64.23,2012-04-09T14:00:00Z,10,Arthropoda,Malacostraca,Epialtidae,Leucippa pentagona,1,1,GJE,POINT (-64.23 -42.26)
M2_INVERT_DATA.7846,7846,912341864,Argentina,North Patagonian Gulfs,Temperate South America,ARG1,San Roman,-42.26,-64.23,2012-04-09T14:00:00Z,10,Mollusca,Gastropoda,Pleurobranchidae,Pleurobranchaea spp.,1,4,GJE,POINT (-64.23 -42.26)
M2_INVERT_DATA.7847,7847,912341864,Argentina,North Patagonian Gulfs,Temperate South America,ARG1,San Roman,-42.26,-64.23,2012-04-09T14:00:00Z,10,Mollusca,Gastropoda,Turbinidae,Tegula patagonica,1,17,GJE,POINT (-64.23 -42.26)
M2_INVERT_DATA.7848,7848,912341864,Argentina,North Patagonian Gulfs,Temperate South America,ARG1,San Roman,-42.26,-64.23,2012-04-09T14:00:00Z,10,Mollusca,Gastropoda,Turbinidae,Tegula patagonica,2,14,GJE,POINT (-64.23 -42.26)
M2_INVERT_DATA.7849,7849,912341865,Argentina,North Patagonian Gulfs,Temperate South America,ARG10,Los Bollones,-42.93,-64.5,2012-04-14T14:00:00Z,10,Echinodermata,Asteroidea,Stichasteridae,Allostichaster capensis,1,22,AI,POINT (-64.5 -42.93)
M2_INVERT_DATA.7850,7850,912341865,Argentina,North Patagonian Gulfs,Temperate South America,ARG10,Los Bollones,-42.93,-64.5,2012-04-14T14:00:00Z,10,Echinodermata,Asteroidea,Stichasteridae,Allostichaster capensis,2,38,AI,POINT (-64.5 -42.93)
M2_INVERT_DATA.7851,7851,912341865,Argentina,North Patagonian Gulfs,Temperate South America,ARG10,Los Bollones,-42.93,-64.5,2012-04-14T14:00:00Z,10,Echinodermata,Echinoidea,Arbaciidae,Arbacia dufresnii,1,320,AI,POINT (-64.5 -42.93)
M2_INVERT_DATA.7852,7852,912341865,Argentina,North Patagonian Gulfs,Temperate South America,ARG10,Los Bollones,-42.93,-64.5,2012-04-14T14:00:00Z,10,Echinodermata,Echinoidea,Arbaciidae,Arbacia dufresnii,2,240,AI,POINT (-64.5 -42.93)
M2_INVERT_DATA.7853,7853,912341865,Argentina,North Patagonian Gulfs,Temperate South America,ARG10,Los Bollones,-42.93,-64.5,2012-04-14T14:00:00Z,10,Echinodermata,Asteroidea,Stichasteridae,Cosmasterias lurida,2,3,AI,POINT (-64.5 -42.93)
M2_INVERT_DATA.7854,7854,912341865,Argentina,North Patagonian Gulfs,Temperate South America,ARG10,Los Bollones,-42.93,-64.5,2012-04-14T14:00:00Z,10,Arthropoda,Malacostraca,Epialtidae,Leucippa pentagona,2,4,AI,POINT (-64.5 -42.93)
M2_INVERT_DATA.7855,7855,912341865,Argentina,North Patagonian Gulfs,Temperate South America,ARG10,Los Bollones,-42.93,-64.5,2012-04-14T14:00:00Z,10,Echinodermata,Echinoidea,Temnopleuridae,Pseudechinus magellanicus,1,17,AI,POINT (-64.5 -42.93)
M2_INVERT_DATA.7856,7856,912341865,Argentina,North Patagonian Gulfs,Temperate South America,ARG10,Los Bollones,-42.93,-64.5,2012-04-14T14:00:00Z,10,Echinodermata,Echinoidea,Temnopleuridae,Pseudechinus magellanicus,2,18,AI,POINT (-64.5 -42.93)
M2_INVERT_DATA.7857,7857,912341865,Argentina,North Patagonian Gulfs,Temperate South America,ARG10,Los Bollones,-42.93,-64.5,2012-04-14T14:00:00Z,10,Mollusca,Gastropoda,Turbinidae,Tegula patagonica,1,1090,AI,POINT (-64.5 -42.93)
M2_INVERT_DATA.7858,7858,912341865,Argentina,North Patagonian Gulfs,Temperate South America,ARG10,Los Bollones,-42.93,-64.5,2012-04-14T14:00:00Z,10,Mollusca,Gastropoda,Turbinidae,Tegula patagonica,2,700,AI,POINT (-64.5 -42.93)
M2_INVERT_DATA.7859,7859,912341865,Argentina,North Patagonian Gulfs,Temperate South America,ARG10,Los Bollones,-42.93,-64.5,2012-04-14T14:00:00Z,10,Mollusca,Gastropoda,Muricidae,Trophon geversianus,1,21,AI,POINT (-64.5 -42.93)
M2_INVERT_DATA.7860,7860,912341865,Argentina,North Patagonian Gulfs,Temperate South America,ARG10,Los Bollones,-42.93,-64.5,2012-04-14T14:00:00Z,10,Mollusca,Gastropoda,Muricidae,Trophon geversianus,2,26,AI,POINT (-64.5 -42.93)
M2_INVERT_DATA.7861,7861,912341865,Argentina,North Patagonian Gulfs,Temperate South America,ARG10,Los Bollones,-42.93,-64.5,2012-04-14T14:00:00Z,10,Mollusca,Gastropoda,Muricidae,Trophon plicatus,1,6,AI,POINT (-64.5 -42.93)
M2_INVERT_DATA.7862,7862,912341865,Argentina,North Patagonian Gulfs,Temperate South America,ARG10,Los Bollones,-42.93,-64.5,2012-04-14T14:00:00Z,10,Mollusca,Gastropoda,Muricidae,Trophon plicatus,2,2,AI,POINT (-64.5 -42.93)
M2_INVERT_DATA.7863,7863,912341866,Argentina,North Patagonian Gulfs,Temperate South America,ARG11,Punta la Islita,-41.96,-65.06,2012-04-16T14:00:00Z,14,Echinodermata,Asteroidea,Stichasteridae,Allostichaster capensis,1,1,GJE,POINT (-65.06 -41.96)
M2_INVERT_DATA.7864,7864,912341866,Argentina,North Patagonian Gulfs,Temperate South America,ARG11,Punta la Islita,-41.96,-65.06,2012-04-16T14:00:00Z,14,Echinodermata,Asteroidea,Stichasteridae,Allostichaster capensis,2,3,GJE,POINT (-65.06 -41.96)
M2_INVERT_DATA.7865,7865,912341866,Argentina,North Patagonian Gulfs,Temperate South America,ARG11,Punta la Islita,-41.96,-65.06,2012-04-16T14:00:00Z,14,Echinodermata,Asteroidea,Asteriidae,Anasterias antarctica,1,1,GJE,POINT (-65.06 -41.96)
M2_INVERT_DATA.7866,7866,912341866,Argentina,North Patagonian Gulfs,Temperate South America,ARG11,Punta la Islita,-41.96,-65.06,2012-04-16T14:00:00Z,14,Echinodermata,Asteroidea,Asteriidae,Anasterias antarctica,2,2,GJE,POINT (-65.06 -41.96)
M2_INVERT_DATA.7867,7867,912341866,Argentina,North Patagonian Gulfs,Temperate South America,ARG11,Punta la Islita,-41.96,-65.06,2012-04-16T14:00:00Z,14,Echinodermata,Echinoidea,Arbaciidae,Arbacia dufresnii,1,400,GJE,POINT (-65.06 -41.96)
M2_INVERT_DATA.7868,7868,912341866,Argentina,North Patagonian Gulfs,Temperate South America,ARG11,Punta la Islita,-41.96,-65.06,2012-04-16T14:00:00Z,14,Echinodermata,Echinoidea,Arbaciidae,Arbacia dufresnii,2,125,GJE,POINT (-65.06 -41.96)
M2_INVERT_DATA.7869,7869,912341866,Argentina,North Patagonian Gulfs,Temperate South America,ARG11,Punta la Islita,-41.96,-65.06,2012-04-16T14:00:00Z,14,Echinodermata,Asteroidea,Astropectinidae,Astropecten spp.,1,5,GJE,POINT (-65.06 -41.96)
M2_INVERT_DATA.7870,7870,912341866,Argentina,North Patagonian Gulfs,Temperate South America,ARG11,Punta la Islita,-41.96,-65.06,2012-04-16T14:00:00Z,14,Echinodermata,Asteroidea,Astropectinidae,Astropecten spp.,2,4,GJE,POINT (-65.06 -41.96)
M2_INVERT_DATA.7871,7871,912341866,Argentina,North Patagonian Gulfs,Temperate South America,ARG11,Punta la Islita,-41.96,-65.06,2012-04-16T14:00:00Z,14,Echinodermata,Asteroidea,Stichasteridae,Cosmasterias lurida,1,8,GJE,POINT (-65.06 -41.96)
M2_INVERT_DATA.7872,7872,912341866,Argentina,North Patagonian Gulfs,Temperate South America,ARG11,Punta la Islita,-41.96,-65.06,2012-04-16T14:00:00Z,14,Echinodermata,Asteroidea,Stichasteridae,Cosmasterias lurida,2,5,GJE,POINT (-65.06 -41.96)
M2_INVERT_DATA.7873,7873,912341866,Argentina,North Patagonian Gulfs,Temperate South America,ARG11,Punta la Islita,-41.96,-65.06,2012-04-16T14:00:00Z,14,Echinodermata,Asteroidea,Ganeriidae,Cycethra verrucosa,1,2,GJE,POINT (-65.06 -41.96)
M2_INVERT_DATA.7874,7874,912341866,Argentina,North Patagonian Gulfs,Temperate South America,ARG11,Punta la Islita,-41.96,-65.06,2012-04-16T14:00:00Z,14,Echinodermata,Asteroidea,Ganeriidae,Cycethra verrucosa,2,2,GJE,POINT (-65.06 -41.96)
M2_INVERT_DATA.7875,7875,912341866,Argentina,North Patagonian Gulfs,Temperate South America,ARG11,Punta la Islita,-41.96,-65.06,2012-04-16T14:00:00Z,14,Mollusca,Gastropoda,Fissurellidae,Fissurellidea patagonica,1,1,GJE,POINT (-65.06 -41.96)
M2_INVERT_DATA.7876,7876,912341866,Argentina,North Patagonian Gulfs,Temperate South America,ARG11,Punta la Islita,-41.96,-65.06,2012-04-16T14:00:00Z,14,Mollusca,Gastropoda,Volutidae,Odontocymbiola magellanica,2,1,GJE,POINT (-65.06 -41.96)
M2_INVERT_DATA.7877,7877,912341866,Argentina,North Patagonian Gulfs,Temperate South America,ARG11,Punta la Islita,-41.96,-65.06,2012-04-16T14:00:00Z,14,Platyhelminthes,Turbellaria,,Polycladida spp.,2,1,GJE,POINT (-65.06 -41.96)
M2_INVERT_DATA.7878,7878,912341866,Argentina,North Patagonian Gulfs,Temperate South America,ARG11,Punta la Islita,-41.96,-65.06,2012-04-16T14:00:00Z,14,Mollusca,Gastropoda,Turbinidae,Tegula patagonica,1,1250,GJE,POINT (-65.06 -41.96)
M2_INVERT_DATA.7879,7879,912341866,Argentina,North Patagonian Gulfs,Temperate South America,ARG11,Punta la Islita,-41.96,-65.06,2012-04-16T14:00:00Z,14,Mollusca,Gastropoda,Turbinidae,Tegula patagonica,2,50,GJE,POINT (-65.06 -41.96)
M2_INVERT_DATA.7880,7880,912341867,Argentina,North Patagonian Gulfs,Temperate South America,ARG12,La Islita,-41.95,-65.06,2012-04-16T14:00:00Z,4,Echinodermata,Asteroidea,Stichasteridae,Allostichaster capensis,1,10,GJE,POINT (-65.06 -41.95)
M2_INVERT_DATA.7881,7881,912341867,Argentina,North Patagonian Gulfs,Temperate South America,ARG12,La Islita,-41.95,-65.06,2012-04-16T14:00:00Z,4,Echinodermata,Asteroidea,Stichasteridae,Allostichaster capensis,2,3,GJE,POINT (-65.06 -41.95)
M2_INVERT_DATA.7882,7882,912341867,Argentina,North Patagonian Gulfs,Temperate South America,ARG12,La Islita,-41.95,-65.06,2012-04-16T14:00:00Z,4,Echinodermata,Asteroidea,Asteriidae,Anasterias antarctica,1,1,GJE,POINT (-65.06 -41.95)
M2_INVERT_DATA.7883,7883,912341867,Argentina,North Patagonian Gulfs,Temperate South America,ARG12,La Islita,-41.95,-65.06,2012-04-16T14:00:00Z,4,Echinodermata,Echinoidea,Arbaciidae,Arbacia dufresnii,1,35,GJE,POINT (-65.06 -41.95)
M2_INVERT_DATA.7884,7884,912341867,Argentina,North Patagonian Gulfs,Temperate South America,ARG12,La Islita,-41.95,-65.06,2012-04-16T14:00:00Z,4,Echinodermata,Echinoidea,Arbaciidae,Arbacia dufresnii,2,27,GJE,POINT (-65.06 -41.95)
